﻿pos_x,pos_y,rotation,side,designator,mpn,pack,value,mount_type,place
46.22,-33.615,0.0,top,J1,,DPX-02x30-nosilk,Conn_02x30_Top_Bottom,tht,True
86.77,-33.615,0.0,top,J2,,DPX-02x30-nosilk,Conn_02x30_Top_Bottom,tht,True
65.22,-33.615,180.0,bottom,U1,,DPX_PROTOBOARD-5x5,~,smt,True
65.235,-46.31,180.0,bottom,U2,,DPX_PROTOBOARD-5x5,~,smt,True
65.225,-59.02,180.0,bottom,U3,,DPX_PROTOBOARD-5x5,~,smt,True
65.225,-71.71,180.0,bottom,U4,,DPX_PROTOBOARD-5x5,~,smt,True
65.205,-84.4,180.0,bottom,U5,,DPX_PROTOBOARD-5x5,~,smt,True
65.205,-97.11,180.0,bottom,U6,,DPX_PROTOBOARD-5x5,~,smt,True
